CreatedDate,ClosedDate,Subject,Priority,Status,Origin,Description
2022-10-16T20:27:49.000Z,2022-10-20T20:27:49.000Z,Can I bring a service animal?,Medium,Closed,Web,Can I bring a service animal?
2022-10-17T20:27:49.000Z,2022-10-21T20:27:49.000Z,Can I bring a service animal?,Low,Closed,Email,Can I bring a service animal?
2022-10-01T20:27:49.000Z,2022-10-03T20:27:49.000Z,Can I bring a service animal?,High,Closed,Web,Can I bring a service animal?
2022-10-09T20:27:49.000Z,2022-10-10T20:27:49.000Z,Can I bring a service animal?,Medium,Closed,Email,Can I bring a service animal?
2022-10-08T20:27:49.000Z,2022-10-09T20:27:49.000Z,Can I bring a service animal?,Medium,Closed,Web,Can I bring a service animal?
2022-10-16T20:27:49.000Z,2022-10-20T20:27:49.000Z,Can I bring a service animal?,Medium,Closed,Web,Can I bring a service animal?
2022-10-17T20:27:49.000Z,2022-10-21T20:27:49.000Z,Can I bring a service animal?,Low,Closed,Email,Can I bring a service animal?
2022-10-01T20:27:49.000Z,2022-10-03T20:27:49.000Z,Can I bring a service animal?,High,Closed,Web,Can I bring a service animal?
2022-10-09T20:27:49.000Z,2022-10-10T20:27:49.000Z,Can I bring a service animal?,Medium,Closed,Email,Can I bring a service animal?
2022-10-08T20:27:49.000Z,2022-10-09T20:27:49.000Z,Can I bring a service animal?,Medium,Closed,Web,Can I bring a service animal?
2022-10-16T20:27:49.000Z,2022-10-20T20:27:49.000Z,Can I bring a service animal?,Medium,Closed,Web,Can I bring a service animal?
2022-10-17T20:27:49.000Z,2022-10-21T20:27:49.000Z,Can I bring a service animal?,Low,Closed,Email,Can I bring a service animal?
2022-10-01T20:27:49.000Z,2022-10-03T20:27:49.000Z,Can I bring a service animal?,High,Closed,Web,Can I bring a service animal?
2022-10-09T20:27:49.000Z,2022-10-10T20:27:49.000Z,Can I bring a service animal?,Medium,Closed,Email,Can I bring a service animal?
2022-10-08T20:27:49.000Z,2022-10-09T20:27:49.000Z,Can I bring a service animal?,Medium,Closed,Web,Can I bring a service animal?
2022-10-16T20:27:49.000Z,2022-10-20T20:27:49.000Z,Can I bring a service animal?,Medium,Closed,Web,Can I bring a service animal?
2022-10-17T20:27:49.000Z,2022-10-21T20:27:49.000Z,Can I bring a service animal?,Low,Closed,Email,Can I bring a service animal?
2022-10-01T20:27:49.000Z,2022-10-03T20:27:49.000Z,Can I bring a service animal?,High,Closed,Web,Can I bring a service animal?
2022-10-09T20:27:49.000Z,2022-10-10T20:27:49.000Z,Can I bring a service animal?,Medium,Closed,Email,Can I bring a service animal?
2022-10-08T20:27:49.000Z,2022-10-09T20:27:49.000Z,Can I bring a service animal?,Medium,Closed,Web,Can I bring a service animal?
2022-10-16T20:27:49.000Z,2022-10-20T20:27:49.000Z,Can I bring a service animal?,Medium,Closed,Web,Can I bring a service animal?
2022-10-17T20:27:49.000Z,2022-10-21T20:27:49.000Z,Can I bring a service animal?,Low,Closed,Email,Can I bring a service animal?
2022-10-01T20:27:49.000Z,2022-10-03T20:27:49.000Z,Can I bring a service animal?,High,Closed,Web,Can I bring a service animal?
2022-10-09T20:27:49.000Z,2022-10-10T20:27:49.000Z,Can I bring a service animal?,Medium,Closed,Email,Can I bring a service animal?
2022-10-08T20:27:49.000Z,2022-10-09T20:27:49.000Z,Can I bring a service animal?,Medium,Closed,Web,Can I bring a service animal?
2022-10-16T20:27:49.000Z,2022-10-20T20:27:49.000Z,Can I bring a service animal?,Medium,Closed,Web,Can I bring a service animal?
2022-10-17T20:27:49.000Z,2022-10-21T20:27:49.000Z,Can I bring a service animal?,Low,Closed,Email,Can I bring a service animal?
2022-10-01T20:27:49.000Z,2022-10-03T20:27:49.000Z,Can I bring a service animal?,High,Closed,Web,Can I bring a service animal?
2022-10-09T20:27:49.000Z,2022-10-10T20:27:49.000Z,Can I bring a service animal?,Medium,Closed,Email,Can I bring a service animal?
2022-10-08T20:27:49.000Z,2022-10-09T20:27:49.000Z,Can I bring a service animal?,Medium,Closed,Web,Can I bring a service animal?
2022-10-16T20:27:49.000Z,2022-10-20T20:27:49.000Z,Can I bring a service animal?,Medium,Closed,Web,Can I bring a service animal?
2022-10-17T20:27:49.000Z,2022-10-21T20:27:49.000Z,Can I bring a service animal?,Low,Closed,Email,Can I bring a service animal?
2022-10-01T20:27:49.000Z,2022-10-03T20:27:49.000Z,Can I bring a service animal?,High,Closed,Web,Can I bring a service animal?
2022-10-09T20:27:49.000Z,2022-10-10T20:27:49.000Z,Can I bring a service animal?,Medium,Closed,Email,Can I bring a service animal?
2022-10-08T20:27:49.000Z,2022-10-09T20:27:49.000Z,Can I bring a service animal?,Medium,Closed,Web,Can I bring a service animal?
2022-10-16T20:27:49.000Z,2022-10-20T20:27:49.000Z,Can I bring a service animal?,Medium,Closed,Web,Can I bring a service animal?
2022-10-17T20:27:49.000Z,2022-10-21T20:27:49.000Z,Can I bring a service animal?,Low,Closed,Email,Can I bring a service animal?
2022-10-01T20:27:49.000Z,2022-10-03T20:27:49.000Z,Can I bring a service animal?,High,Closed,Web,Can I bring a service animal?
2022-10-09T20:27:49.000Z,2022-10-10T20:27:49.000Z,Can I bring a service animal?,Medium,Closed,Email,Can I bring a service animal?
2022-10-08T20:27:49.000Z,2022-10-09T20:27:49.000Z,Can I bring a service animal?,Medium,Closed,Web,Can I bring a service animal?
2022-10-16T20:27:49.000Z,2022-10-20T20:27:49.000Z,Can I bring a service animal?,Medium,Closed,Web,Can I bring a service animal?
2022-10-17T20:27:49.000Z,2022-10-21T20:27:49.000Z,Can I bring a service animal?,Low,Closed,Email,Can I bring a service animal?
2022-10-01T20:27:49.000Z,2022-10-03T20:27:49.000Z,Can I bring a service animal?,High,Closed,Web,Can I bring a service animal?
2022-10-09T20:27:49.000Z,2022-10-10T20:27:49.000Z,Can I bring a service animal?,Medium,Closed,Email,Can I bring a service animal?
2022-10-08T20:27:49.000Z,2022-10-09T20:27:49.000Z,Can I bring a service animal?,Medium,Closed,Web,Can I bring a service animal?
2022-10-16T20:27:49.000Z,2022-10-20T20:27:49.000Z,Can I bring a service animal?,Medium,Closed,Web,Can I bring a service animal?
2022-10-17T20:27:49.000Z,2022-10-21T20:27:49.000Z,Can I bring a service animal?,Low,Closed,Email,Can I bring a service animal?
2022-10-01T20:27:49.000Z,2022-10-03T20:27:49.000Z,Can I bring a service animal?,High,Closed,Web,Can I bring a service animal?
2022-10-09T20:27:49.000Z,2022-10-10T20:27:49.000Z,Can I bring a service animal?,Medium,Closed,Email,Can I bring a service animal?
2022-10-08T20:27:49.000Z,2022-10-09T20:27:49.000Z,Can I bring a service animal?,Medium,Closed,Web,Can I bring a service animal?
2022-10-16T20:27:49.000Z,2022-10-20T20:27:49.000Z,Can I bring a service animal?,Medium,Closed,Web,Can I bring a service animal?
2022-10-17T20:27:49.000Z,2022-10-21T20:27:49.000Z,Can I bring a service animal?,Low,Closed,Email,Can I bring a service animal?
2022-10-01T20:27:49.000Z,2022-10-03T20:27:49.000Z,Can I bring a service animal?,High,Closed,Web,Can I bring a service animal?
2022-10-09T20:27:49.000Z,2022-10-10T20:27:49.000Z,Can I bring a service animal?,Medium,Closed,Email,Can I bring a service animal?
2022-10-08T20:27:49.000Z,2022-10-09T20:27:49.000Z,Can I bring a service animal?,Medium,Closed,Web,Can I bring a service animal?
2022-10-16T20:27:49.000Z,2022-10-20T20:27:49.000Z,Can I bring a service animal?,Medium,Closed,Web,Can I bring a service animal?
2022-10-17T20:27:49.000Z,2022-10-21T20:27:49.000Z,Can I bring a service animal?,Low,Closed,Email,Can I bring a service animal?
2022-10-01T20:27:49.000Z,2022-10-03T20:27:49.000Z,Can I bring a service animal?,High,Closed,Web,Can I bring a service animal?
2022-10-09T20:27:49.000Z,2022-10-10T20:27:49.000Z,Can I bring a service animal?,Medium,Closed,Email,Can I bring a service animal?
2022-10-08T20:27:49.000Z,2022-10-09T20:27:49.000Z,Can I bring a service animal?,Medium,Closed,Web,Can I bring a service animal?
2022-10-16T20:27:49.000Z,2022-10-20T20:27:49.000Z,Can I bring a service animal?,Medium,Closed,Web,Can I bring a service animal?
2022-10-17T20:27:49.000Z,2022-10-21T20:27:49.000Z,Can I bring a service animal?,Low,Closed,Email,Can I bring a service animal?
2022-10-01T20:27:49.000Z,2022-10-03T20:27:49.000Z,Can I bring a service animal?,High,Closed,Web,Can I bring a service animal?
2022-10-09T20:27:49.000Z,2022-10-10T20:27:49.000Z,Can I bring a service animal?,Medium,Closed,Email,Can I bring a service animal?
2022-10-08T20:27:49.000Z,2022-10-09T20:27:49.000Z,Can I bring a service animal?,Medium,Closed,Web,Can I bring a service animal?
2022-10-16T20:27:49.000Z,2022-10-20T20:27:49.000Z,Can I bring a service animal?,Medium,Closed,Web,Can I bring a service animal?
2022-10-17T20:27:49.000Z,2022-10-21T20:27:49.000Z,Can I bring a service animal?,Low,Closed,Email,Can I bring a service animal?
2022-10-01T20:27:49.000Z,2022-10-03T20:27:49.000Z,Can I bring a service animal?,High,Closed,Web,Can I bring a service animal?
2022-10-09T20:27:49.000Z,2022-10-10T20:27:49.000Z,Can I bring a service animal?,Medium,Closed,Email,Can I bring a service animal?
2022-10-08T20:27:49.000Z,2022-10-09T20:27:49.000Z,Can I bring a service animal?,Medium,Closed,Web,Can I bring a service animal?
2022-10-16T20:27:49.000Z,2022-10-20T20:27:49.000Z,Can I bring a service animal?,Medium,Closed,Web,Can I bring a service animal?
2022-10-17T20:27:49.000Z,2022-10-21T20:27:49.000Z,Can I bring a service animal?,Low,Closed,Email,Can I bring a service animal?
2022-10-01T20:27:49.000Z,2022-10-03T20:27:49.000Z,Can I bring a service animal?,High,Closed,Web,Can I bring a service animal?
2022-10-09T20:27:49.000Z,2022-10-10T20:27:49.000Z,Can I bring a service animal?,Medium,Closed,Email,Can I bring a service animal?
2022-10-08T20:27:49.000Z,2022-10-09T20:27:49.000Z,Can I bring a service animal?,Medium,Closed,Web,Can I bring a service animal?
2022-10-16T20:27:49.000Z,2022-10-20T20:27:49.000Z,Can I bring a service animal?,Medium,Closed,Web,Can I bring a service animal?
2022-10-17T20:27:49.000Z,2022-10-21T20:27:49.000Z,Can I bring a service animal?,Low,Closed,Email,Can I bring a service animal?
2022-10-01T20:27:49.000Z,2022-10-03T20:27:49.000Z,Can I bring a service animal?,High,Closed,Web,Can I bring a service animal?
2022-10-09T20:27:49.000Z,2022-10-10T20:27:49.000Z,Can I bring a service animal?,Medium,Closed,Email,Can I bring a service animal?
2022-10-08T20:27:49.000Z,2022-10-09T20:27:49.000Z,Can I bring a service animal?,Medium,Closed,Web,Can I bring a service animal?
2022-10-16T20:27:49.000Z,2022-10-20T20:27:49.000Z,Can I bring a service animal?,Medium,Closed,Web,Can I bring a service animal?
2022-10-17T20:27:49.000Z,2022-10-21T20:27:49.000Z,Can I bring a service animal?,Low,Closed,Email,Can I bring a service animal?
2022-10-01T20:27:49.000Z,2022-10-03T20:27:49.000Z,Can I bring a service animal?,High,Closed,Web,Can I bring a service animal?
2022-10-09T20:27:49.000Z,2022-10-10T20:27:49.000Z,Can I bring a service animal?,Medium,Closed,Email,Can I bring a service animal?
2022-10-08T20:27:49.000Z,2022-10-09T20:27:49.000Z,Can I bring a service animal?,Medium,Closed,Web,Can I bring a service animal?
2022-10-16T20:27:49.000Z,2022-10-20T20:27:49.000Z,Can I bring a service animal?,Medium,Closed,Web,Can I bring a service animal?
2022-10-17T20:27:49.000Z,2022-10-21T20:27:49.000Z,Can I bring a service animal?,Low,Closed,Email,Can I bring a service animal?
2022-10-01T20:27:49.000Z,2022-10-03T20:27:49.000Z,Can I bring a service animal?,High,Closed,Web,Can I bring a service animal?
2022-10-09T20:27:49.000Z,2022-10-10T20:27:49.000Z,Can I bring a service animal?,Medium,Closed,Email,Can I bring a service animal?
2022-10-08T20:27:49.000Z,2022-10-09T20:27:49.000Z,Can I bring a service animal?,Medium,Closed,Web,Can I bring a service animal?
2022-10-16T20:27:49.000Z,2022-10-20T20:27:49.000Z,Can I bring a service animal?,Medium,Closed,Web,Can I bring a service animal?
2022-10-17T20:27:49.000Z,2022-10-21T20:27:49.000Z,Can I bring a service animal?,Low,Closed,Email,Can I bring a service animal?
2022-10-01T20:27:49.000Z,2022-10-03T20:27:49.000Z,Can I bring a service animal?,High,Closed,Web,Can I bring a service animal?
2022-10-09T20:27:49.000Z,2022-10-10T20:27:49.000Z,Can I bring a service animal?,Medium,Closed,Email,Can I bring a service animal?
2022-10-08T20:27:49.000Z,2022-10-09T20:27:49.000Z,Can I bring a service animal?,Medium,Closed,Web,Can I bring a service animal?
2022-10-16T20:27:49.000Z,2022-10-20T20:27:49.000Z,Can I bring a service animal?,Medium,Closed,Web,Can I bring a service animal?
2022-10-17T20:27:49.000Z,2022-10-21T20:27:49.000Z,Can I bring a service animal?,Low,Closed,Email,Can I bring a service animal?
2022-10-01T20:27:49.000Z,2022-10-03T20:27:49.000Z,Can I bring a service animal?,High,Closed,Web,Can I bring a service animal?
2022-10-09T20:27:49.000Z,2022-10-10T20:27:49.000Z,Can I bring a service animal?,Medium,Closed,Email,Can I bring a service animal?
2022-10-08T20:27:49.000Z,2022-10-09T20:27:49.000Z,Can I bring a service animal?,Medium,Closed,Web,Can I bring a service animal?
2022-10-16T20:27:49.000Z,2022-10-20T20:27:49.000Z,Can I bring a service animal?,Medium,Closed,Web,Can I bring a service animal?
2022-10-17T20:27:49.000Z,2022-10-21T20:27:49.000Z,Can I bring a service animal?,Low,Closed,Email,Can I bring a service animal?
2022-10-01T20:27:49.000Z,2022-10-03T20:27:49.000Z,Can I bring a service animal?,High,Closed,Web,Can I bring a service animal?
2022-10-09T20:27:49.000Z,2022-10-10T20:27:49.000Z,Can I bring a service animal?,Medium,Closed,Email,Can I bring a service animal?
2022-10-08T20:27:49.000Z,2022-10-09T20:27:49.000Z,Can I bring a service animal?,Medium,Closed,Web,Can I bring a service animal?
2022-10-16T20:27:49.000Z,2022-10-20T20:27:49.000Z,Can I bring a service animal?,Medium,Closed,Web,Can I bring a service animal?
2022-10-17T20:27:49.000Z,2022-10-21T20:27:49.000Z,Can I bring a service animal?,Low,Closed,Email,Can I bring a service animal?
2022-10-01T20:27:49.000Z,2022-10-03T20:27:49.000Z,Can I bring a service animal?,High,Closed,Web,Can I bring a service animal?
2022-10-09T20:27:49.000Z,2022-10-10T20:27:49.000Z,Can I bring a service animal?,Medium,Closed,Email,Can I bring a service animal?
2022-10-08T20:27:49.000Z,2022-10-09T20:27:49.000Z,Can I bring a service animal?,Medium,Closed,Web,Can I bring a service animal?
2022-10-16T20:27:49.000Z,2022-10-20T20:27:49.000Z,Can I bring a service animal?,Medium,Closed,Web,Can I bring a service animal?
2022-10-17T20:27:49.000Z,2022-10-21T20:27:49.000Z,Can I bring a service animal?,Low,Closed,Email,Can I bring a service animal?
2022-10-01T20:27:49.000Z,2022-10-03T20:27:49.000Z,Can I bring a service animal?,High,Closed,Web,Can I bring a service animal?
2022-10-09T20:27:49.000Z,2022-10-10T20:27:49.000Z,Can I bring a service animal?,Medium,Closed,Email,Can I bring a service animal?
2022-10-08T20:27:49.000Z,2022-10-09T20:27:49.000Z,Can I bring a service animal?,Medium,Closed,Web,Can I bring a service animal?
2022-10-16T20:27:49.000Z,2022-10-20T20:27:49.000Z,Can I bring a service animal?,Medium,Closed,Web,Can I bring a service animal?
2022-10-17T20:27:49.000Z,2022-10-21T20:27:49.000Z,Can I bring a service animal?,Low,Closed,Email,Can I bring a service animal?
2022-10-01T20:27:49.000Z,2022-10-03T20:27:49.000Z,Can I bring a service animal?,High,Closed,Web,Can I bring a service animal?
2022-10-09T20:27:49.000Z,2022-10-10T20:27:49.000Z,Can I bring a service animal?,Medium,Closed,Email,Can I bring a service animal?
2022-10-08T20:27:49.000Z,2022-10-09T20:27:49.000Z,Can I bring a service animal?,Medium,Closed,Web,Can I bring a service animal?
2022-10-16T20:27:49.000Z,2022-10-20T20:27:49.000Z,Can I bring a service animal?,Medium,Closed,Web,Can I bring a service animal?
2022-10-17T20:27:49.000Z,2022-10-21T20:27:49.000Z,Can I bring a service animal?,Low,Closed,Email,Can I bring a service animal?
2022-10-01T20:27:49.000Z,2022-10-03T20:27:49.000Z,Can I bring a service animal?,High,Closed,Web,Can I bring a service animal?
2022-10-09T20:27:49.000Z,2022-10-10T20:27:49.000Z,Can I bring a service animal?,Medium,Closed,Email,Can I bring a service animal?
2022-10-08T20:27:49.000Z,2022-10-09T20:27:49.000Z,Can I bring a service animal?,Medium,Closed,Web,Can I bring a service animal?
2022-10-16T20:27:49.000Z,2022-10-20T20:27:49.000Z,Can I bring a service animal?,Medium,Closed,Web,Can I bring a service animal?
2022-10-17T20:27:49.000Z,2022-10-21T20:27:49.000Z,Can I bring a service animal?,Low,Closed,Email,Can I bring a service animal?
2022-10-01T20:27:49.000Z,2022-10-03T20:27:49.000Z,Can I bring a service animal?,High,Closed,Web,Can I bring a service animal?
2022-10-09T20:27:49.000Z,2022-10-10T20:27:49.000Z,Can I bring a service animal?,Medium,Closed,Email,Can I bring a service animal?
2022-10-08T20:27:49.000Z,2022-10-09T20:27:49.000Z,Can I bring a service animal?,Medium,Closed,Web,Can I bring a service animal?
2022-10-16T20:27:49.000Z,2022-10-20T20:27:49.000Z,Can I bring a service animal?,Medium,Closed,Web,Can I bring a service animal?
2022-10-17T20:27:49.000Z,2022-10-21T20:27:49.000Z,Can I bring a service animal?,Low,Closed,Email,Can I bring a service animal?
2022-10-01T20:27:49.000Z,2022-10-03T20:27:49.000Z,Can I bring a service animal?,High,Closed,Web,Can I bring a service animal?
2022-10-09T20:27:49.000Z,2022-10-10T20:27:49.000Z,Can I bring a service animal?,Medium,Closed,Email,Can I bring a service animal?
2022-10-08T20:27:49.000Z,2022-10-09T20:27:49.000Z,Can I bring a service animal?,Medium,Closed,Web,Can I bring a service animal?
2022-10-16T20:27:49.000Z,2022-10-20T20:27:49.000Z,Can I bring a service animal?,Medium,Closed,Web,Can I bring a service animal?
2022-10-17T20:27:49.000Z,2022-10-21T20:27:49.000Z,Can I bring a service animal?,Low,Closed,Email,Can I bring a service animal?
2022-10-01T20:27:49.000Z,2022-10-03T20:27:49.000Z,Can I bring a service animal?,High,Closed,Web,Can I bring a service animal?
2022-10-09T20:27:49.000Z,2022-10-10T20:27:49.000Z,Can I bring a service animal?,Medium,Closed,Email,Can I bring a service animal?
2022-10-08T20:27:49.000Z,2022-10-09T20:27:49.000Z,Can I bring a service animal?,Medium,Closed,Web,Can I bring a service animal?
2022-10-16T20:27:49.000Z,2022-10-20T20:27:49.000Z,Can I bring a service animal?,Medium,Closed,Web,Can I bring a service animal?
2022-10-17T20:27:49.000Z,2022-10-21T20:27:49.000Z,Can I bring a service animal?,Low,Closed,Email,Can I bring a service animal?
2022-10-01T20:27:49.000Z,2022-10-03T20:27:49.000Z,Can I bring a service animal?,High,Closed,Web,Can I bring a service animal?
2022-10-09T20:27:49.000Z,2022-10-10T20:27:49.000Z,Can I bring a service animal?,Medium,Closed,Email,Can I bring a service animal?
2022-10-08T20:27:49.000Z,2022-10-09T20:27:49.000Z,Can I bring a service animal?,Medium,Closed,Web,Can I bring a service animal?
2022-10-16T20:27:49.000Z,2022-10-20T20:27:49.000Z,Can I bring a service animal?,Medium,Closed,Web,Can I bring a service animal?
2022-10-17T20:27:49.000Z,2022-10-21T20:27:49.000Z,Can I bring a service animal?,Low,Closed,Email,Can I bring a service animal?
2022-10-01T20:27:49.000Z,2022-10-03T20:27:49.000Z,Can I bring a service animal?,High,Closed,Web,Can I bring a service animal?
2022-10-09T20:27:49.000Z,2022-10-10T20:27:49.000Z,Can I bring a service animal?,Medium,Closed,Email,Can I bring a service animal?
2022-10-08T20:27:49.000Z,2022-10-09T20:27:49.000Z,Can I bring a service animal?,Medium,Closed,Web,Can I bring a service animal?
2022-10-16T20:27:49.000Z,2022-10-20T20:27:49.000Z,Can I bring a service animal?,Medium,Closed,Web,Can I bring a service animal?
2022-10-17T20:27:49.000Z,2022-10-21T20:27:49.000Z,Can I bring a service animal?,Low,Closed,Email,Can I bring a service animal?
2022-10-01T20:27:49.000Z,2022-10-03T20:27:49.000Z,Can I bring a service animal?,High,Closed,Web,Can I bring a service animal?
2022-10-09T20:27:49.000Z,2022-10-10T20:27:49.000Z,Can I bring a service animal?,Medium,Closed,Email,Can I bring a service animal?
2022-10-08T20:27:49.000Z,2022-10-09T20:27:49.000Z,Can I bring a service animal?,Medium,Closed,Web,Can I bring a service animal?
2022-10-16T20:27:49.000Z,2022-10-20T20:27:49.000Z,Can I bring a service animal?,Medium,Closed,Web,Can I bring a service animal?
2022-10-17T20:27:49.000Z,2022-10-21T20:27:49.000Z,Can I bring a service animal?,Low,Closed,Email,Can I bring a service animal?
2022-10-01T20:27:49.000Z,2022-10-03T20:27:49.000Z,Can I bring a service animal?,High,Closed,Web,Can I bring a service animal?
2022-10-09T20:27:49.000Z,2022-10-10T20:27:49.000Z,Can I bring a service animal?,Medium,Closed,Email,Can I bring a service animal?
2022-10-08T20:27:49.000Z,2022-10-09T20:27:49.000Z,Can I bring a service animal?,Medium,Closed,Web,Can I bring a service animal?
2022-10-16T20:27:49.000Z,2022-10-20T20:27:49.000Z,Can I bring a service animal?,Medium,Closed,Web,Can I bring a service animal?
2022-10-17T20:27:49.000Z,2022-10-21T20:27:49.000Z,Can I bring a service animal?,Low,Closed,Email,Can I bring a service animal?
2022-10-01T20:27:49.000Z,2022-10-03T20:27:49.000Z,Can I bring a service animal?,High,Closed,Web,Can I bring a service animal?
2022-10-09T20:27:49.000Z,2022-10-10T20:27:49.000Z,Can I bring a service animal?,Medium,Closed,Email,Can I bring a service animal?
2022-10-08T20:27:49.000Z,2022-10-09T20:27:49.000Z,Can I bring a service animal?,Medium,Closed,Web,Can I bring a service animal?
2022-10-16T20:27:49.000Z,2022-10-20T20:27:49.000Z,Can I bring a service animal?,Medium,Closed,Web,Can I bring a service animal?
2022-10-17T20:27:49.000Z,2022-10-21T20:27:49.000Z,Can I bring a service animal?,Low,Closed,Email,Can I bring a service animal?
2022-10-01T20:27:49.000Z,2022-10-03T20:27:49.000Z,Can I bring a service animal?,High,Closed,Web,Can I bring a service animal?
2022-10-09T20:27:49.000Z,2022-10-10T20:27:49.000Z,Can I bring a service animal?,Medium,Closed,Email,Can I bring a service animal?
2022-10-16T20:27:49.000Z,2022-10-20T20:27:49.000Z,I need the address to Dreamfest,Medium,Closed,Web,I need the address to Dreamfest
2022-10-17T20:27:49.000Z,2022-10-21T20:27:49.000Z,I need the address to Dreamfest,Low,Closed,Email,I need the address to Dreamfest
2022-10-01T20:27:49.000Z,2022-10-03T20:27:49.000Z,I need the address to Dreamfest,High,Closed,Web,I need the address to Dreamfest
2022-10-09T20:27:49.000Z,2022-10-10T20:27:49.000Z,I need the address to Dreamfest,Medium,Closed,Email,I need the address to Dreamfest
2022-10-08T20:27:49.000Z,2022-10-09T20:27:49.000Z,I need the address to Dreamfest,Medium,Closed,Web,I need the address to Dreamfest
2022-10-16T20:27:49.000Z,2022-10-20T20:27:49.000Z,I need the address to Dreamfest,Medium,Closed,Web,I need the address to Dreamfest
2022-10-17T20:27:49.000Z,2022-10-21T20:27:49.000Z,I need the address to Dreamfest,Low,Closed,Email,I need the address to Dreamfest
2022-10-01T20:27:49.000Z,2022-10-03T20:27:49.000Z,I need the address to Dreamfest,High,Closed,Web,I need the address to Dreamfest
2022-10-09T20:27:49.000Z,2022-10-10T20:27:49.000Z,I need the address to Dreamfest,Medium,Closed,Email,I need the address to Dreamfest
2022-10-08T20:27:49.000Z,2022-10-09T20:27:49.000Z,I need the address to Dreamfest,Medium,Closed,Web,I need the address to Dreamfest
2022-10-16T20:27:49.000Z,2022-10-20T20:27:49.000Z,I need the address to Dreamfest,Medium,Closed,Web,I need the address to Dreamfest
2022-10-17T20:27:49.000Z,2022-10-21T20:27:49.000Z,I need the address to Dreamfest,Low,Closed,Email,I need the address to Dreamfest
2022-10-01T20:27:49.000Z,2022-10-03T20:27:49.000Z,I need the address to Dreamfest,High,Closed,Web,I need the address to Dreamfest
2022-10-09T20:27:49.000Z,2022-10-10T20:27:49.000Z,I need the address to Dreamfest,Medium,Closed,Email,I need the address to Dreamfest
2022-10-08T20:27:49.000Z,2022-10-09T20:27:49.000Z,I need the address to Dreamfest,Medium,Closed,Web,I need the address to Dreamfest
2022-10-16T20:27:49.000Z,2022-10-20T20:27:49.000Z,I need the address to Dreamfest,Medium,Closed,Web,I need the address to Dreamfest
2022-10-17T20:27:49.000Z,2022-10-21T20:27:49.000Z,I need the address to Dreamfest,Low,Closed,Email,I need the address to Dreamfest
2022-10-01T20:27:49.000Z,2022-10-03T20:27:49.000Z,I need the address to Dreamfest,High,Closed,Web,I need the address to Dreamfest
2022-10-09T20:27:49.000Z,2022-10-10T20:27:49.000Z,I need the address to Dreamfest,Medium,Closed,Email,I need the address to Dreamfest
2022-10-08T20:27:49.000Z,2022-10-09T20:27:49.000Z,I need the address to Dreamfest,Medium,Closed,Web,I need the address to Dreamfest
2022-10-16T20:27:49.000Z,2022-10-20T20:27:49.000Z,I need the address to Dreamfest,Medium,Closed,Web,I need the address to Dreamfest
2022-10-17T20:27:49.000Z,2022-10-21T20:27:49.000Z,I need the address to Dreamfest,Low,Closed,Email,I need the address to Dreamfest
2022-10-01T20:27:49.000Z,2022-10-03T20:27:49.000Z,I need the address to Dreamfest,High,Closed,Web,I need the address to Dreamfest
2022-10-09T20:27:49.000Z,2022-10-10T20:27:49.000Z,I need the address to Dreamfest,Medium,Closed,Email,I need the address to Dreamfest
2022-10-08T20:27:49.000Z,2022-10-09T20:27:49.000Z,I need the address to Dreamfest,Medium,Closed,Web,I need the address to Dreamfest
2022-10-16T20:27:49.000Z,2022-10-20T20:27:49.000Z,I need the address to Dreamfest,Medium,Closed,Web,I need the address to Dreamfest
2022-10-17T20:27:49.000Z,2022-10-21T20:27:49.000Z,I need the address to Dreamfest,Low,Closed,Email,I need the address to Dreamfest
2022-10-01T20:27:49.000Z,2022-10-03T20:27:49.000Z,I need the address to Dreamfest,High,Closed,Web,I need the address to Dreamfest
2022-10-09T20:27:49.000Z,2022-10-10T20:27:49.000Z,I need the address to Dreamfest,Medium,Closed,Email,I need the address to Dreamfest
2022-10-08T20:27:49.000Z,2022-10-09T20:27:49.000Z,I need the address to Dreamfest,Medium,Closed,Web,I need the address to Dreamfest
2022-10-16T20:27:49.000Z,2022-10-20T20:27:49.000Z,I need the address to Dreamfest,Medium,Closed,Web,I need the address to Dreamfest
2022-10-17T20:27:49.000Z,2022-10-21T20:27:49.000Z,I need the address to Dreamfest,Low,Closed,Email,I need the address to Dreamfest
2022-10-01T20:27:49.000Z,2022-10-03T20:27:49.000Z,I need the address to Dreamfest,High,Closed,Web,I need the address to Dreamfest
2022-10-09T20:27:49.000Z,2022-10-10T20:27:49.000Z,I need the address to Dreamfest,Medium,Closed,Email,I need the address to Dreamfest
2022-10-08T20:27:49.000Z,2022-10-09T20:27:49.000Z,I need the address to Dreamfest,Medium,Closed,Web,I need the address to Dreamfest
2022-10-16T20:27:49.000Z,2022-10-20T20:27:49.000Z,I need the address to Dreamfest,Medium,Closed,Web,I need the address to Dreamfest
2022-10-17T20:27:49.000Z,2022-10-21T20:27:49.000Z,I need the address to Dreamfest,Low,Closed,Email,I need the address to Dreamfest
2022-10-01T20:27:49.000Z,2022-10-03T20:27:49.000Z,I need the address to Dreamfest,High,Closed,Web,I need the address to Dreamfest
2022-10-09T20:27:49.000Z,2022-10-10T20:27:49.000Z,I need the address to Dreamfest,Medium,Closed,Email,I need the address to Dreamfest
2022-10-08T20:27:49.000Z,2022-10-09T20:27:49.000Z,I need the address to Dreamfest,Medium,Closed,Web,I need the address to Dreamfest
2022-10-16T20:27:49.000Z,2022-10-20T20:27:49.000Z,I need the address to Dreamfest,Medium,Closed,Web,I need the address to Dreamfest
2022-10-17T20:27:49.000Z,2022-10-21T20:27:49.000Z,I need the address to Dreamfest,Low,Closed,Email,I need the address to Dreamfest
2022-10-01T20:27:49.000Z,2022-10-03T20:27:49.000Z,I need the address to Dreamfest,High,Closed,Web,I need the address to Dreamfest
2022-10-09T20:27:49.000Z,2022-10-10T20:27:49.000Z,I need the address to Dreamfest,Medium,Closed,Email,I need the address to Dreamfest
2022-10-08T20:27:49.000Z,2022-10-09T20:27:49.000Z,I need the address to Dreamfest,Medium,Closed,Web,I need the address to Dreamfest
2022-10-16T20:27:49.000Z,2022-10-20T20:27:49.000Z,I need the address to Dreamfest,Medium,Closed,Web,I need the address to Dreamfest
2022-10-17T20:27:49.000Z,2022-10-21T20:27:49.000Z,I need the address to Dreamfest,Low,Closed,Email,I need the address to Dreamfest
2022-10-01T20:27:49.000Z,2022-10-03T20:27:49.000Z,I need the address to Dreamfest,High,Closed,Web,I need the address to Dreamfest
2022-10-09T20:27:49.000Z,2022-10-10T20:27:49.000Z,I need the address to Dreamfest,Medium,Closed,Email,I need the address to Dreamfest
2022-10-08T20:27:49.000Z,2022-10-09T20:27:49.000Z,I need the address to Dreamfest,Medium,Closed,Web,I need the address to Dreamfest
2022-10-16T20:27:49.000Z,2022-10-20T20:27:49.000Z,I need the address to Dreamfest,Medium,Closed,Web,I need the address to Dreamfest
2022-10-17T20:27:49.000Z,2022-10-21T20:27:49.000Z,I need the address to Dreamfest,Low,Closed,Email,I need the address to Dreamfest
2022-10-01T20:27:49.000Z,2022-10-03T20:27:49.000Z,I need the address to Dreamfest,High,Closed,Web,I need the address to Dreamfest
2022-10-09T20:27:49.000Z,2022-10-10T20:27:49.000Z,I need the address to Dreamfest,Medium,Closed,Email,I need the address to Dreamfest
2022-10-08T20:27:49.000Z,2022-10-09T20:27:49.000Z,I need the address to Dreamfest,Medium,Closed,Web,I need the address to Dreamfest
2022-10-16T20:27:49.000Z,2022-10-20T20:27:49.000Z,I need the address to Dreamfest,Medium,Closed,Web,I need the address to Dreamfest
2022-10-17T20:27:49.000Z,2022-10-21T20:27:49.000Z,I need the address to Dreamfest,Low,Closed,Email,I need the address to Dreamfest
2022-10-01T20:27:49.000Z,2022-10-03T20:27:49.000Z,I need the address to Dreamfest,High,Closed,Web,I need the address to Dreamfest
2022-10-09T20:27:49.000Z,2022-10-10T20:27:49.000Z,I need the address to Dreamfest,Medium,Closed,Email,I need the address to Dreamfest
2022-10-08T20:27:49.000Z,2022-10-09T20:27:49.000Z,I need the address to Dreamfest,Medium,Closed,Web,I need the address to Dreamfest
2022-10-16T20:27:49.000Z,2022-10-20T20:27:49.000Z,I need the address to Dreamfest,Medium,Closed,Web,I need the address to Dreamfest
2022-10-17T20:27:49.000Z,2022-10-21T20:27:49.000Z,I need the address to Dreamfest,Low,Closed,Email,I need the address to Dreamfest
2022-10-01T20:27:49.000Z,2022-10-03T20:27:49.000Z,I need the address to Dreamfest,High,Closed,Web,I need the address to Dreamfest
2022-10-09T20:27:49.000Z,2022-10-10T20:27:49.000Z,I need the address to Dreamfest,Medium,Closed,Email,I need the address to Dreamfest
2022-10-08T20:27:49.000Z,2022-10-09T20:27:49.000Z,I need the address to Dreamfest,Medium,Closed,Web,I need the address to Dreamfest
2022-10-16T20:27:49.000Z,2022-10-20T20:27:49.000Z,I need the address to Dreamfest,Medium,Closed,Web,I need the address to Dreamfest
2022-10-17T20:27:49.000Z,2022-10-21T20:27:49.000Z,I need the address to Dreamfest,Low,Closed,Email,I need the address to Dreamfest
2022-10-01T20:27:49.000Z,2022-10-03T20:27:49.000Z,I need the address to Dreamfest,High,Closed,Web,I need the address to Dreamfest
2022-10-09T20:27:49.000Z,2022-10-10T20:27:49.000Z,I need the address to Dreamfest,Medium,Closed,Email,I need the address to Dreamfest
2022-10-08T20:27:49.000Z,2022-10-09T20:27:49.000Z,I need the address to Dreamfest,Medium,Closed,Web,I need the address to Dreamfest
2022-10-16T20:27:49.000Z,2022-10-20T20:27:49.000Z,I need the address to Dreamfest,Medium,Closed,Web,I need the address to Dreamfest
2022-10-17T20:27:49.000Z,2022-10-21T20:27:49.000Z,I need the address to Dreamfest,Low,Closed,Email,I need the address to Dreamfest
2022-10-01T20:27:49.000Z,2022-10-03T20:27:49.000Z,I need the address to Dreamfest,High,Closed,Web,I need the address to Dreamfest
2022-10-09T20:27:49.000Z,2022-10-10T20:27:49.000Z,I need the address to Dreamfest,Medium,Closed,Email,I need the address to Dreamfest
2022-10-08T20:27:49.000Z,2022-10-09T20:27:49.000Z,I need the address to Dreamfest,Medium,Closed,Web,I need the address to Dreamfest
2022-10-16T20:27:49.000Z,2022-10-20T20:27:49.000Z,I need the address to Dreamfest,Medium,Closed,Web,I need the address to Dreamfest
2022-10-17T20:27:49.000Z,2022-10-21T20:27:49.000Z,I need the address to Dreamfest,Low,Closed,Email,I need the address to Dreamfest
2022-10-01T20:27:49.000Z,2022-10-03T20:27:49.000Z,I need the address to Dreamfest,High,Closed,Web,I need the address to Dreamfest
2022-10-09T20:27:49.000Z,2022-10-10T20:27:49.000Z,I need the address to Dreamfest,Medium,Closed,Email,I need the address to Dreamfest
2022-10-08T20:27:49.000Z,2022-10-09T20:27:49.000Z,I need the address to Dreamfest,Medium,Closed,Web,I need the address to Dreamfest
2022-10-16T20:27:49.000Z,2022-10-20T20:27:49.000Z,I need the address to Dreamfest,Medium,Closed,Web,I need the address to Dreamfest
2022-10-17T20:27:49.000Z,2022-10-21T20:27:49.000Z,I need the address to Dreamfest,Low,Closed,Email,I need the address to Dreamfest
2022-10-01T20:27:49.000Z,2022-10-03T20:27:49.000Z,I need the address to Dreamfest,High,Closed,Web,I need the address to Dreamfest
2022-10-09T20:27:49.000Z,2022-10-10T20:27:49.000Z,I need the address to Dreamfest,Medium,Closed,Email,I need the address to Dreamfest
2022-10-08T20:27:49.000Z,2022-10-09T20:27:49.000Z,I need the address to Dreamfest,Medium,Closed,Web,I need the address to Dreamfest
2022-10-16T20:27:49.000Z,2022-10-20T20:27:49.000Z,I need the address to Dreamfest,Medium,Closed,Web,I need the address to Dreamfest
2022-10-17T20:27:49.000Z,2022-10-21T20:27:49.000Z,I need the address to Dreamfest,Low,Closed,Email,I need the address to Dreamfest
2022-10-01T20:27:49.000Z,2022-10-03T20:27:49.000Z,I need the address to Dreamfest,High,Closed,Web,I need the address to Dreamfest
2022-10-09T20:27:49.000Z,2022-10-10T20:27:49.000Z,I need the address to Dreamfest,Medium,Closed,Email,I need the address to Dreamfest
2022-10-08T20:27:49.000Z,2022-10-09T20:27:49.000Z,I need the address to Dreamfest,Medium,Closed,Web,I need the address to Dreamfest
2022-10-16T20:27:49.000Z,2022-10-20T20:27:49.000Z,I need the address to Dreamfest,Medium,Closed,Web,I need the address to Dreamfest
2022-10-17T20:27:49.000Z,2022-10-21T20:27:49.000Z,I need the address to Dreamfest,Low,Closed,Email,I need the address to Dreamfest
2022-10-01T20:27:49.000Z,2022-10-03T20:27:49.000Z,I need the address to Dreamfest,High,Closed,Web,I need the address to Dreamfest
2022-10-09T20:27:49.000Z,2022-10-10T20:27:49.000Z,I need the address to Dreamfest,Medium,Closed,Email,I need the address to Dreamfest
2022-10-08T20:27:49.000Z,2022-10-09T20:27:49.000Z,I need the address to Dreamfest,Medium,Closed,Web,I need the address to Dreamfest
2022-10-16T20:27:49.000Z,2022-10-20T20:27:49.000Z,I need the address to Dreamfest,Medium,Closed,Web,I need the address to Dreamfest
2022-10-17T20:27:49.000Z,2022-10-21T20:27:49.000Z,I need the address to Dreamfest,Low,Closed,Email,I need the address to Dreamfest
2022-10-01T20:27:49.000Z,2022-10-03T20:27:49.000Z,I need the address to Dreamfest,High,Closed,Web,I need the address to Dreamfest
2022-10-09T20:27:49.000Z,2022-10-10T20:27:49.000Z,I need the address to Dreamfest,Medium,Closed,Email,I need the address to Dreamfest
2022-10-08T20:27:49.000Z,2022-10-09T20:27:49.000Z,I need the address to Dreamfest,Medium,Closed,Web,I need the address to Dreamfest
2022-10-16T20:27:49.000Z,2022-10-20T20:27:49.000Z,I need the address to Dreamfest,Medium,Closed,Web,I need the address to Dreamfest
2022-10-17T20:27:49.000Z,2022-10-21T20:27:49.000Z,I need the address to Dreamfest,Low,Closed,Email,I need the address to Dreamfest
2022-10-01T20:27:49.000Z,2022-10-03T20:27:49.000Z,I need the address to Dreamfest,High,Closed,Web,I need the address to Dreamfest
2022-10-09T20:27:49.000Z,2022-10-10T20:27:49.000Z,I need the address to Dreamfest,Medium,Closed,Email,I need the address to Dreamfest
2022-10-08T20:27:49.000Z,2022-10-09T20:27:49.000Z,I need the address to Dreamfest,Medium,Closed,Web,I need the address to Dreamfest
2022-10-16T20:27:49.000Z,2022-10-20T20:27:49.000Z,I need the address to Dreamfest,Medium,Closed,Web,I need the address to Dreamfest
2022-10-17T20:27:49.000Z,2022-10-21T20:27:49.000Z,I need the address to Dreamfest,Low,Closed,Email,I need the address to Dreamfest
2022-10-01T20:27:49.000Z,2022-10-03T20:27:49.000Z,I need the address to Dreamfest,High,Closed,Web,I need the address to Dreamfest
2022-10-09T20:27:49.000Z,2022-10-10T20:27:49.000Z,I need the address to Dreamfest,Medium,Closed,Email,I need the address to Dreamfest
2022-10-08T20:27:49.000Z,2022-10-09T20:27:49.000Z,I need the address to Dreamfest,Medium,Closed,Web,I need the address to Dreamfest
2022-10-16T20:27:49.000Z,2022-10-20T20:27:49.000Z,I need the address to Dreamfest,Medium,Closed,Web,I need the address to Dreamfest
2022-10-17T20:27:49.000Z,2022-10-21T20:27:49.000Z,I need the address to Dreamfest,Low,Closed,Email,I need the address to Dreamfest
2022-10-01T20:27:49.000Z,2022-10-03T20:27:49.000Z,I need the address to Dreamfest,High,Closed,Web,I need the address to Dreamfest
2022-10-09T20:27:49.000Z,2022-10-10T20:27:49.000Z,I need the address to Dreamfest,Medium,Closed,Email,I need the address to Dreamfest
2022-10-08T20:27:49.000Z,2022-10-09T20:27:49.000Z,I need the address to Dreamfest,Medium,Closed,Web,I need the address to Dreamfest
2022-10-16T20:27:49.000Z,2022-10-20T20:27:49.000Z,I need the address to Dreamfest,Medium,Closed,Web,I need the address to Dreamfest
2022-10-17T20:27:49.000Z,2022-10-21T20:27:49.000Z,I need the address to Dreamfest,Low,Closed,Email,I need the address to Dreamfest
2022-10-01T20:27:49.000Z,2022-10-03T20:27:49.000Z,I need the address to Dreamfest,High,Closed,Web,I need the address to Dreamfest
2022-10-09T20:27:49.000Z,2022-10-10T20:27:49.000Z,I need the address to Dreamfest,Medium,Closed,Email,I need the address to Dreamfest
2022-10-08T20:27:49.000Z,2022-10-09T20:27:49.000Z,I need the address to Dreamfest,Medium,Closed,Web,I need the address to Dreamfest
2022-10-16T20:27:49.000Z,2022-10-20T20:27:49.000Z,I need the address to Dreamfest,Medium,Closed,Web,I need the address to Dreamfest
2022-10-17T20:27:49.000Z,2022-10-21T20:27:49.000Z,I need the address to Dreamfest,Low,Closed,Email,I need the address to Dreamfest
2022-10-01T20:27:49.000Z,2022-10-03T20:27:49.000Z,I need the address to Dreamfest,High,Closed,Web,I need the address to Dreamfest
2022-10-09T20:27:49.000Z,2022-10-10T20:27:49.000Z,I need the address to Dreamfest,Medium,Closed,Email,I need the address to Dreamfest
2022-10-08T20:27:49.000Z,2022-10-09T20:27:49.000Z,I need the address to Dreamfest,Medium,Closed,Web,I need the address to Dreamfest
2022-10-16T20:27:49.000Z,2022-10-20T20:27:49.000Z,I need the address to Dreamfest,Medium,Closed,Web,I need the address to Dreamfest
2022-10-17T20:27:49.000Z,2022-10-21T20:27:49.000Z,I need the address to Dreamfest,Low,Closed,Email,I need the address to Dreamfest
2022-10-01T20:27:49.000Z,2022-10-03T20:27:49.000Z,I need the address to Dreamfest,High,Closed,Web,I need the address to Dreamfest
2022-10-09T20:27:49.000Z,2022-10-10T20:27:49.000Z,I need the address to Dreamfest,Medium,Closed,Email,I need the address to Dreamfest
2022-10-08T20:27:49.000Z,2022-10-09T20:27:49.000Z,I need the address to Dreamfest,Medium,Closed,Web,I need the address to Dreamfest
2022-10-16T20:27:49.000Z,2022-10-20T20:27:49.000Z,I need the address to Dreamfest,Medium,Closed,Web,I need the address to Dreamfest
2022-10-17T20:27:49.000Z,2022-10-21T20:27:49.000Z,I need the address to Dreamfest,Low,Closed,Email,I need the address to Dreamfest
2022-10-01T20:27:49.000Z,2022-10-03T20:27:49.000Z,I need the address to Dreamfest,High,Closed,Web,I need the address to Dreamfest
2022-10-09T20:27:49.000Z,2022-10-10T20:27:49.000Z,I need the address to Dreamfest,Medium,Closed,Email,I need the address to Dreamfest
2022-10-08T20:27:49.000Z,2022-10-09T20:27:49.000Z,I need the address to Dreamfest,Medium,Closed,Web,I need the address to Dreamfest
2022-10-16T20:27:49.000Z,2022-10-20T20:27:49.000Z,I need the address to Dreamfest,Medium,Closed,Web,I need the address to Dreamfest
2022-10-17T20:27:49.000Z,2022-10-21T20:27:49.000Z,I need the address to Dreamfest,Low,Closed,Email,I need the address to Dreamfest
2022-10-01T20:27:49.000Z,2022-10-03T20:27:49.000Z,I need the address to Dreamfest,High,Closed,Web,I need the address to Dreamfest
2022-10-09T20:27:49.000Z,2022-10-10T20:27:49.000Z,I need the address to Dreamfest,Medium,Closed,Email,I need the address to Dreamfest
2022-10-08T20:27:49.000Z,2022-10-09T20:27:49.000Z,I need the address to Dreamfest,Medium,Closed,Web,I need the address to Dreamfest
2022-10-16T20:27:49.000Z,2022-10-20T20:27:49.000Z,I need the address to Dreamfest,Medium,Closed,Web,I need the address to Dreamfest
2022-10-17T20:27:49.000Z,2022-10-21T20:27:49.000Z,I need the address to Dreamfest,Low,Closed,Email,I need the address to Dreamfest
2022-10-01T20:27:49.000Z,2022-10-03T20:27:49.000Z,I need the address to Dreamfest,High,Closed,Web,I need the address to Dreamfest
2022-10-09T20:27:49.000Z,2022-10-10T20:27:49.000Z,I need the address to Dreamfest,Medium,Closed,Email,I need the address to Dreamfest
2022-10-08T20:27:49.000Z,2022-10-09T20:27:49.000Z,I need the address to Dreamfest,Medium,Closed,Web,I need the address to Dreamfest
2022-10-16T20:27:49.000Z,2022-10-20T20:27:49.000Z,I need the address to Dreamfest,Medium,Closed,Web,I need the address to Dreamfest
2022-10-17T20:27:49.000Z,2022-10-21T20:27:49.000Z,I need the address to Dreamfest,Low,Closed,Email,I need the address to Dreamfest
2022-10-01T20:27:49.000Z,2022-10-03T20:27:49.000Z,I need the address to Dreamfest,High,Closed,Web,I need the address to Dreamfest
2022-10-09T20:27:49.000Z,2022-10-10T20:27:49.000Z,I need the address to Dreamfest,Medium,Closed,Email,I need the address to Dreamfest
2022-10-08T20:27:49.000Z,2022-10-09T20:27:49.000Z,I need the address to Dreamfest,Medium,Closed,Web,I need the address to Dreamfest
2022-10-16T20:27:49.000Z,2022-10-20T20:27:49.000Z,I need the address to Dreamfest,Medium,Closed,Web,I need the address to Dreamfest
2022-10-17T20:27:49.000Z,2022-10-21T20:27:49.000Z,I need the address to Dreamfest,Low,Closed,Email,I need the address to Dreamfest
2022-10-01T20:27:49.000Z,2022-10-03T20:27:49.000Z,I need the address to Dreamfest,High,Closed,Web,I need the address to Dreamfest
2022-10-09T20:27:49.000Z,2022-10-10T20:27:49.000Z,I need the address to Dreamfest,Medium,Closed,Email,I need the address to Dreamfest
2022-10-08T20:27:49.000Z,2022-10-09T20:27:49.000Z,I need the address to Dreamfest,Medium,Closed,Web,I need the address to Dreamfest
2022-10-16T20:27:49.000Z,2022-10-20T20:27:49.000Z,I need the address to Dreamfest,Medium,Closed,Web,I need the address to Dreamfest
2022-10-17T20:27:49.000Z,2022-10-21T20:27:49.000Z,I need the address to Dreamfest,Low,Closed,Email,I need the address to Dreamfest
2022-10-01T20:27:49.000Z,2022-10-03T20:27:49.000Z,I need the address to Dreamfest,High,Closed,Web,I need the address to Dreamfest
2022-10-09T20:27:49.000Z,2022-10-10T20:27:49.000Z,I need the address to Dreamfest,Medium,Closed,Email,I need the address to Dreamfest
2022-10-08T20:27:49.000Z,2022-10-09T20:27:49.000Z,I need the address to Dreamfest,Medium,Closed,Web,I need the address to Dreamfest
2022-10-16T20:27:49.000Z,2022-10-20T20:27:49.000Z,I need the address to Dreamfest,Medium,Closed,Web,I need the address to Dreamfest
2022-10-17T20:27:49.000Z,2022-10-21T20:27:49.000Z,I need the address to Dreamfest,Low,Closed,Email,I need the address to Dreamfest
2022-10-01T20:27:49.000Z,2022-10-03T20:27:49.000Z,I need the address to Dreamfest,High,Closed,Web,I need the address to Dreamfest
2022-10-09T20:27:49.000Z,2022-10-10T20:27:49.000Z,I need the address to Dreamfest,Medium,Closed,Email,I need the address to Dreamfest
2022-10-08T20:27:49.000Z,2022-10-09T20:27:49.000Z,I need the address to Dreamfest,Medium,Closed,Web,I need the address to Dreamfest
2022-10-16T20:27:49.000Z,2022-10-20T20:27:49.000Z,I need the address to Dreamfest,Medium,Closed,Web,I need the address to Dreamfest
2022-10-17T20:27:49.000Z,2022-10-21T20:27:49.000Z,I need the address to Dreamfest,Low,Closed,Email,I need the address to Dreamfest
2022-10-01T20:27:49.000Z,2022-10-03T20:27:49.000Z,I need the address to Dreamfest,High,Closed,Web,I need the address to Dreamfest
2022-10-09T20:27:49.000Z,2022-10-10T20:27:49.000Z,I need the address to Dreamfest,Medium,Closed,Email,I need the address to Dreamfest
2022-10-17T20:27:49.000Z,2022-10-21T20:27:49.000Z,Do I need to take my badge?,Medium,Closed,Email,Do I need to take my badge?
2022-10-01T20:27:49.000Z,2022-10-03T20:27:49.000Z,Do I need to take my badge?,Medium,Closed,Email,Do I need to take my badge?
2022-10-09T20:27:49.000Z,2022-10-10T20:27:49.000Z,Do I need to take my badge?,Medium,Closed,Email,Do I need to take my badge?
2022-10-01T20:27:49.000Z,2022-10-03T20:27:49.000Z,Do I need to take my badge?,Medium,Closed,Email,Do I need to take my badge?
2022-10-09T20:27:49.000Z,2022-10-10T20:27:49.000Z,Do I need to take my badge?,Medium,Closed,Email,Do I need to take my badge?
2022-10-08T20:27:49.000Z,2022-10-09T20:27:49.000Z,Do I need to take my badge?,Medium,Closed,Email,Do I need to take my badge?
2022-10-09T20:27:49.000Z,2022-10-10T20:27:49.000Z,Contacting Salesforce,Medium,Closed,Email,Contacting Salesforce
2022-10-01T20:27:49.000Z,2022-10-03T20:27:49.000Z,Contacting Salesforce,Medium,Closed,Email,Contacting Salesforce
2022-10-09T20:27:49.000Z,2022-10-10T20:27:49.000Z,Contacting Salesforce,Medium,Closed,Email,Contacting Salesforce
2022-10-17T20:27:49.000Z,2022-10-21T20:27:49.000Z,Contacting Salesforce,Medium,Closed,Email,Contacting Salesforce
2022-10-16T20:27:49.000Z,2022-10-20T20:27:49.000Z,Contacting Salesforce,Medium,Closed,Email,Contacting Salesforce
2022-10-17T20:27:49.000Z,2022-10-21T20:27:49.000Z,Contacting Salesforce,Medium,Closed,Email,Contacting Salesforce
2022-10-01T20:27:49.000Z,2022-10-03T20:27:49.000Z,Contacting Salesforce,Medium,Closed,Email,Contacting Salesforce
2022-10-09T20:27:49.000Z,2022-10-10T20:27:49.000Z,Contacting Salesforce,Medium,Closed,Email,Contacting Salesforce